{"cameraMode":{"drawMode":0,"name":"Shaded","section":"Shading Mode"},"sceneLighting":true,"audioPlay":false,"sceneViewState":{"m_AlwaysRefresh":false,"showFog":true,"showSkybox":true,"showFlares":true,"showImageEffects":true,"showParticleSystems":true,"showVisualEffectGraphs":true,"m_FxEnabled":true},"in2DMode":false,"pivot":{"x":13.378941535949707,"y":7.588303565979004,"z":-10.882041931152344},"rotation":{"x":0.0659792348742485,"y":-0.30195575952529909,"z":0.021052289754152299,"w":0.9508234262466431},"size":0.8891288042068481,"orthographic":false}